time (ms), statusbyte, databyte1, datbaty2
 0, 144, 71, 100
 0, 144, 57, 100
 0, 144, 68, 100
 0, 144, 65, 100
 0, 144, 64, 100
 0, 255, 0, 0
 0, 255, 88, 0
 375, 144, 64, 0
 375, 144, 71, 0
 375, 144, 65, 0
 375, 144, 57, 0
 1500, 144, 78, 51
 1500, 144, 81, 51
 2250, 144, 78, 0
 2250, 144, 81, 0
 3000, 144, 72, 100
 3750, 144, 82, 100
 3750, 144, 79, 100
 3750, 144, 72, 0
 4475, 144, 37, 100
 4500, 144, 82, 0
 4500, 144, 39, 100
 4500, 144, 41, 100
 4500, 144, 68, 0
 4500, 144, 79, 0
 6000, 144, 87, 100
 6000, 144, 76, 100
 6000, 144, 75, 100
 8400, 144, 41, 0
 8400, 144, 39, 0
 9000, 144, 76, 0
 9000, 144, 75, 0
 9000, 144, 87, 0
 9025, 144, 33, 100
 9025, 144, 39, 100
 9550, 144, 65, 100
 9775, 144, 33, 0
 9775, 144, 39, 0
 11000, 144, 77, 34
 11000, 144, 81, 34
 11000, 144, 82, 34
 11000, 144, 72, 34
 11000, 144, 71, 34
 12550, 144, 65, 0
 14000, 144, 72, 0
 14000, 144, 77, 0
 14000, 144, 82, 0
 14000, 144, 71, 0
 14000, 144, 81, 0
 15250, 144, 38, 100
 16000, 144, 38, 0
 17375, 144, 80, 100
 21025, 144, 85, 100
 21025, 144, 76, 100
 22525, 144, 76, 0
 22525, 144, 85, 0
 23250, 144, 45, 100
 23250, 144, 33, 34
 23250, 144, 39, 100
 23250, 144, 36, 100
 23250, 144, 41, 34
 23250, 144, 34, 34
 23250, 144, 39, 34
 24000, 144, 45, 0
 24000, 144, 41, 0
 24000, 144, 33, 0
 24000, 144, 34, 0
 24000, 144, 36, 0
 24000, 144, 39, 0
 24000, 144, 39, 0
 25975, 144, 66, 100
 25975, 144, 73, 100
 27475, 144, 66, 0
 27475, 144, 73, 0
 32850, 144, 85, 100
 33550, 144, 79, 34
 33550, 144, 78, 34
 33575, 144, 75, 34
 33650, 144, 69, 34
 34300, 144, 78, 0
 34300, 144, 79, 0
 34325, 144, 75, 0
 34350, 144, 85, 0
 34400, 144, 69, 0
 36125, 144, 80, 0
 36700, 144, 70, 51
 36700, 144, 73, 51
 36700, 144, 65, 51
 39700, 144, 70, 0
 39700, 144, 65, 0
 39700, 144, 73, 0
 41325, 144, 63, 100
 41325, 144, 57, 100
 41325, 144, 61, 100
 41325, 144, 66, 100
 41325, 144, 69, 100
 44325, 144, 66, 0
 44325, 144, 61, 0
 44325, 144, 63, 0
 44325, 144, 69, 0
 44325, 144, 57, 0
 44925, 144, 43, 34
 44925, 144, 39, 34
 44925, 144, 47, 34
 44925, 144, 36, 34
 45000, 144, 74, 51
 45000, 144, 71, 51
 45000, 144, 81, 51
 45200, 144, 38, 100
 45225, 144, 37, 0
 45300, 144, 36, 0
 45300, 144, 39, 0
 45300, 144, 47, 0
 45750, 144, 71, 0
 45750, 144, 74, 0
 47725, 144, 64, 100
 47975, 144, 74, 100
 47975, 144, 78, 100
 48000, 144, 81, 0
 48475, 144, 64, 0
 51550, 144, 29, 34
 51550, 144, 32, 34
 51550, 144, 37, 34
 51550, 144, 35, 34
 51575, 144, 43, 0
 51725, 144, 78, 0
 51925, 144, 37, 0
 51925, 144, 29, 0
 51925, 144, 35, 0
 51925, 144, 32, 0
 52650, 144, 56, 34
 52650, 144, 68, 34
 52650, 144, 65, 34
 52775, 144, 70, 34
 52850, 144, 56, 0
 52850, 144, 65, 0
 52850, 144, 68, 0
 52975, 144, 70, 0
 53125, 144, 70, 34
 53125, 144, 77, 34
 53325, 144, 77, 0
 53325, 144, 70, 0
 55250, 144, 39, 34
 55250, 144, 38, 34
 55250, 144, 45, 34
 55250, 144, 41, 34
 55250, 144, 44, 34
 55625, 144, 41, 0
 55625, 144, 44, 0
 55625, 144, 38, 0
 55625, 144, 39, 0
 55625, 144, 45, 0
 56975, 144, 74, 0
 57725, 144, 63, 100
 57725, 144, 74, 29
 58025, 144, 39, 100
 58100, 144, 74, 0
 58400, 144, 39, 0
 58925, 144, 65, 29
 59300, 144, 65, 0
 61700, 144, 67, 29
 61700, 144, 64, 29
 62075, 144, 67, 0
 62075, 144, 64, 0
 63225, 144, 38, 0
 64725, 144, 63, 0
 72000, 144, 37, 34
 72000, 144, 36, 100
 72375, 144, 36, 0
 74825, 144, 80, 100
 75750, 144, 76, 100
 75750, 144, 82, 100
 75750, 144, 71, 100
 76000, 144, 83, 100
 76000, 144, 79, 100
 76125, 144, 71, 0
 76125, 144, 76, 0
 76125, 144, 82, 0
 76375, 144, 83, 0
 76375, 144, 79, 0
 77825, 144, 80, 0
 79175, 144, 63, 100
 79175, 144, 65, 100
 79175, 144, 71, 100
 79350, 144, 64, 100
 79550, 144, 71, 0
 79725, 144, 64, 0
 80025, 144, 40, 34
 80025, 144, 42, 34
 80025, 144, 35, 34
 80025, 144, 41, 34
 80400, 144, 35, 0
 80400, 144, 40, 0
 80400, 144, 42, 0
 80400, 144, 41, 0
 83675, 144, 63, 0
 84575, 144, 38, 100
 86475, 144, 38, 0
 89975, 144, 65, 0
 90000, 144, 37, 0
 90000, 255, 0, 0
 91925, 144, 62, 34
 91925, 144, 69, 34
 91925, 144, 57, 34
 92675, 144, 62, 0
 92675, 144, 57, 0
 92675, 144, 69, 0
 93000, 144, 67, 34
 93000, 144, 58, 34
 93000, 144, 61, 34
 93750, 144, 67, 0
 93750, 144, 61, 0
 93750, 144, 58, 0
 96425, 144, 53, 34
 96425, 144, 49, 34
 96625, 144, 52, 34
 96625, 144, 50, 34
 96625, 144, 63, 34
 97175, 144, 49, 0
 97175, 144, 53, 0
 97375, 144, 63, 0
 97375, 144, 50, 0
 97375, 144, 52, 0
 101575, 144, 54, 34
 108000, 144, 57, 34
 109125, 144, 74, 100
 114000, 144, 66, 34
 114000, 144, 64, 34
 114000, 144, 61, 34
 114375, 144, 61, 0
 114375, 144, 66, 0
 114375, 144, 64, 0
 118000, 144, 63, 34
 118000, 144, 58, 34
 118000, 144, 64, 34
 118375, 144, 64, 0
 118375, 144, 63, 0
 118375, 144, 58, 0
 123000, 144, 61, 34
 123000, 144, 52, 34
 123375, 144, 52, 0
 123375, 144, 61, 0
 136500, 144, 61, 34
 136500, 144, 58, 34
 136500, 144, 63, 34
 136825, 144, 54, 0
 136875, 144, 63, 0
 136875, 144, 58, 0
 136875, 144, 61, 0
 138500, 144, 65, 34
 138500, 144, 64, 34
 138500, 144, 60, 34
 138500, 144, 59, 34
 138875, 144, 59, 0
 138875, 144, 65, 0
 138875, 144, 60, 0
 138875, 144, 64, 0
 141750, 144, 72, 100
 141750, 144, 80, 100
 142125, 144, 80, 0
 142125, 144, 72, 0
 142750, 144, 57, 0
 144575, 144, 60, 34
 144750, 144, 50, 34
 144750, 144, 43, 34
 144750, 144, 52, 34
 144750, 144, 54, 34
 144950, 144, 60, 0
 145500, 144, 50, 0
 145500, 144, 43, 0
 145500, 144, 52, 0
 145500, 144, 54, 0
 145525, 144, 65, 100
 145525, 144, 71, 100
 147625, 144, 59, 34
 151275, 144, 71, 0
 151275, 144, 65, 0
 156500, 144, 79, 100
 159000, 144, 55, 34
 159000, 144, 50, 34
 159000, 144, 54, 34
 159000, 144, 60, 34
 159375, 144, 54, 0
 159375, 144, 55, 0
 159375, 144, 50, 0
 161175, 144, 57, 34
 161175, 144, 53, 34
 161175, 144, 52, 34
 161550, 144, 52, 0
 161550, 144, 57, 0
 161550, 144, 53, 0
 165025, 144, 79, 0
 169475, 144, 59, 0
 169500, 144, 60, 0
 170600, 144, 52, 34
 170625, 144, 40, 34
 170975, 144, 52, 0
 171000, 144, 47, 34
 171000, 144, 45, 34
 171000, 144, 53, 34
 171000, 144, 40, 0
 171000, 144, 54, 34
 171375, 144, 45, 0
 171375, 144, 54, 0
 171375, 144, 47, 0
 171375, 144, 53, 0
 175500, 144, 76, 100
 175500, 144, 79, 100
 175500, 144, 81, 100
 175500, 144, 75, 100
 175875, 144, 76, 0
 175875, 144, 75, 0
 175875, 144, 81, 0
 175875, 144, 79, 0
 177250, 144, 60, 34
 177825, 144, 59, 34
 178200, 144, 59, 0
 179950, 144, 74, 0
 180000, 144, 60, 0
 180000, 255, 0, 0
 180450, 144, 57, 100
 180450, 144, 43, 100
 181200, 144, 43, 0
 181200, 144, 57, 0
 190500, 144, 49, 100
 190500, 144, 59, 100
 191250, 144, 59, 0
 191250, 144, 49, 0
 191500, 144, 52, 100
 191500, 144, 50, 100
 191500, 144, 61, 100
 191500, 144, 56, 100
 191500, 144, 58, 100
 194500, 144, 52, 0
 194500, 144, 61, 0
 194500, 144, 50, 0
 197000, 144, 53, 100
 197000, 144, 61, 100
 197375, 144, 61, 0
 197375, 144, 53, 0
 198000, 144, 65, 100
 198000, 144, 60, 100
 198025, 144, 58, 0
 199500, 144, 60, 0
 200500, 144, 56, 0
 208500, 144, 61, 100
 212000, 144, 61, 0
 213000, 144, 60, 100
 213050, 144, 65, 0
 214500, 144, 50, 100
 214500, 144, 58, 100
 214500, 144, 61, 100
 216000, 144, 61, 0
 216000, 144, 58, 0
 216000, 144, 50, 0
 216750, 144, 51, 100
 216750, 144, 65, 100
 216750, 144, 52, 100
 216750, 144, 61, 100
 216750, 144, 58, 100
 216750, 144, 53, 100
 217500, 144, 58, 0
 217500, 144, 53, 0
 217500, 144, 65, 0
 217500, 144, 52, 0
 217500, 144, 51, 0
 217500, 144, 61, 0
 221250, 144, 49, 100
 221250, 144, 61, 100
 222000, 144, 49, 0
 223750, 144, 66, 100
 224500, 144, 66, 0
 225750, 144, 53, 100
 226500, 144, 53, 0
 232675, 144, 52, 100
 232675, 144, 64, 100
 233250, 144, 63, 100
 233250, 144, 55, 100
 233425, 144, 64, 0
 233425, 144, 52, 0
 234000, 144, 59, 100
 234000, 144, 56, 100
 234000, 144, 55, 0
 234000, 144, 63, 0
 234750, 144, 59, 0
 234750, 144, 56, 0
 234825, 144, 56, 100
 234825, 144, 58, 100
 234825, 144, 62, 100
 235575, 144, 58, 0
 235575, 144, 62, 0
 235575, 144, 56, 0
 236450, 144, 59, 100
 237200, 144, 59, 0
 241125, 144, 63, 100
 241875, 144, 63, 0
 247500, 144, 61, 0
 250500, 144, 58, 100
 251250, 144, 58, 0
 251625, 144, 67, 100
 251625, 144, 63, 100
 251625, 144, 58, 100
 251625, 144, 57, 100
 251625, 144, 55, 100
 252375, 144, 58, 0
 252375, 144, 67, 0
 252375, 144, 55, 0
 252375, 144, 63, 0
 252375, 144, 57, 0
 255375, 144, 54, 100
 255375, 144, 53, 100
 255375, 144, 66, 100
 255375, 144, 59, 100
 255750, 144, 66, 100
 255750, 144, 69, 100
 255750, 144, 57, 100
 255750, 144, 58, 100
 255750, 144, 59, 0
 255750, 144, 53, 0
 255750, 144, 66, 0
 255750, 144, 54, 0
 256125, 144, 58, 0
 256125, 144, 69, 0
 256125, 144, 57, 0
 256125, 144, 66, 0
 257250, 144, 60, 0
 259500, 144, 51, 100
 259500, 144, 49, 100
 259500, 144, 63, 100
 259500, 144, 61, 100
 259500, 144, 55, 100
 265500, 144, 55, 0
 265500, 144, 51, 0
 265500, 144, 61, 0
 265500, 144, 49, 0
 265500, 144, 63, 0
 270000, 255, 0, 0
 270000, 144, 48, 100
 270000, 144, 61, 100
 270375, 144, 48, 0
 270825, 144, 63, 29
 270825, 144, 59, 34
 271125, 144, 64, 100
 271125, 144, 64, 49
 271125, 144, 62, 29
 271200, 144, 59, 0
 271200, 144, 63, 0
 271500, 144, 62, 0
 271500, 144, 64, 0
 272050, 144, 65, 49
 272425, 144, 65, 0
 272475, 144, 69, 29
 272475, 144, 59, 34
 272850, 144, 59, 0
 272850, 144, 69, 0
 273375, 144, 59, 34
 273375, 144, 64, 0
 273750, 144, 59, 0
 274125, 144, 55, 100
 274125, 144, 57, 100
 274125, 144, 63, 100
 274125, 144, 60, 100
 274500, 144, 63, 0
 274500, 144, 57, 0
 274500, 144, 55, 0
 274500, 144, 60, 0
 275250, 144, 60, 49
 275625, 144, 50, 34
 275625, 144, 62, 29
 275625, 144, 60, 0
 275625, 144, 54, 34
 275625, 144, 52, 34
 276000, 144, 54, 0
 276000, 144, 50, 0
 276000, 144, 62, 0
 276000, 144, 52, 0
 277500, 144, 63, 49
 277875, 144, 63, 0
 279375, 144, 62, 49
 279750, 144, 68, 29
 279750, 144, 62, 0
 279750, 144, 59, 34
 280125, 144, 59, 0
 280125, 144, 68, 0
 280675, 144, 60, 29
 280675, 144, 53, 34
 280675, 144, 55, 34
 280675, 144, 57, 34
 281050, 144, 55, 0
 281050, 144, 53, 0
 281050, 144, 60, 0
 281050, 144, 57, 0
 282000, 144, 52, 100
 282000, 144, 44, 100
 282000, 144, 47, 100
 282375, 144, 62, 49
 282750, 144, 63, 29
 282750, 144, 62, 0
 282750, 144, 53, 34
 283125, 144, 59, 34
 283125, 144, 63, 0
 283125, 144, 53, 0
 283500, 144, 44, 0
 283500, 144, 52, 0
 283500, 144, 59, 0
 283500, 144, 47, 0
 283875, 144, 62, 29
 283875, 144, 52, 34
 283875, 144, 58, 34
 284250, 144, 52, 0
 284250, 144, 62, 0
 284250, 144, 58, 0
 285525, 144, 64, 29
 285900, 144, 64, 0
 286375, 144, 60, 49
 286375, 144, 62, 49
 287375, 144, 62, 0
 287375, 144, 60, 0
 287625, 144, 48, 100
 288000, 144, 58, 100
 288000, 144, 67, 29
 288000, 144, 55, 34
 288000, 144, 59, 34
 288375, 144, 59, 0
 288375, 144, 67, 0
 288375, 144, 58, 0
 288375, 144, 48, 0
 288375, 144, 55, 0
 289875, 144, 64, 49
 289875, 144, 60, 49
 290250, 144, 60, 0
 290250, 144, 64, 0
 291000, 144, 51, 100
 291375, 144, 61, 49
 291750, 144, 61, 0
 292375, 144, 60, 49
 292750, 144, 51, 0
 293375, 144, 60, 0
 293550, 144, 61, 49
 293550, 144, 68, 49
 293925, 144, 68, 0
 293925, 144, 61, 0
 294000, 144, 70, 49
 294000, 144, 64, 49
 294375, 144, 69, 49
 294375, 144, 65, 100
 294375, 144, 70, 0
 294375, 144, 64, 0
 294375, 144, 63, 49
 294475, 144, 61, 0
 294750, 144, 65, 100
 294750, 144, 63, 0
 294750, 144, 69, 0
 294825, 144, 65, 49
 294825, 144, 66, 49
 295000, 144, 54, 34
 295000, 144, 56, 34
 295200, 144, 66, 0
 295200, 144, 65, 0
 296000, 144, 54, 0
 296000, 144, 56, 0
 297000, 144, 52, 34
 297000, 144, 59, 34
 297000, 144, 65, 0
 297000, 144, 65, 0
 297375, 144, 59, 0
 297375, 144, 52, 0
 297800, 144, 63, 49
 298175, 144, 63, 0
 298500, 144, 67, 29
 298500, 144, 58, 34
 298500, 144, 57, 34
 298875, 144, 58, 0
 298875, 144, 67, 0
 299000, 144, 62, 100
 299000, 144, 57, 0
 299500, 144, 60, 29
 299500, 144, 64, 49
 299875, 144, 64, 0
 299875, 144, 60, 0
 300000, 144, 52, 34
 300375, 144, 52, 0
 301000, 144, 63, 29
 301000, 144, 59, 34
 301375, 144, 59, 0
 301375, 144, 63, 0
 301625, 144, 46, 34
 302000, 144, 46, 0
 302175, 144, 69, 29
 302175, 144, 59, 34
 302550, 144, 59, 0
 302550, 144, 69, 0
 302625, 144, 58, 34
 302650, 144, 64, 49
 302750, 144, 62, 0
 303000, 144, 62, 100
 303000, 144, 58, 0
 303000, 144, 67, 29
 303025, 144, 64, 0
 303375, 144, 63, 49
 303375, 144, 67, 0
 303400, 144, 67, 49
 303450, 144, 63, 29
 303750, 144, 43, 100
 303750, 144, 41, 100
 303750, 144, 63, 0
 303750, 144, 54, 100
 303750, 144, 50, 100
 303775, 144, 67, 0
 303825, 144, 63, 0
 304500, 144, 41, 0
 304500, 144, 54, 0
 304500, 144, 43, 0
 304500, 144, 50, 0
 304750, 144, 62, 0
 306425, 144, 60, 100
 306425, 144, 62, 29
 306425, 144, 54, 34
 306425, 144, 55, 34
 306675, 144, 62, 49
 306750, 144, 73, 49
 306750, 144, 64, 49
 306775, 144, 63, 49
 306800, 144, 55, 0
 306800, 144, 62, 0
 306800, 144, 54, 0
 307050, 144, 62, 0
 307125, 144, 73, 0
 307125, 144, 64, 0
 307150, 144, 63, 0
 307500, 144, 64, 49
 307500, 144, 61, 49
 307875, 144, 62, 49
 307875, 144, 64, 0
 307875, 144, 61, 0
 308125, 144, 66, 29
 308125, 144, 58, 34
 308250, 144, 62, 0
 308500, 144, 58, 0
 308500, 144, 66, 0
 309000, 144, 60, 49
 309375, 144, 63, 49
 309375, 144, 60, 0
 309750, 144, 63, 0
 310875, 144, 60, 49
 311250, 144, 60, 0
 311275, 144, 71, 29
 311650, 144, 71, 0
 311975, 144, 62, 29
 312000, 144, 59, 34
 312350, 144, 62, 0
 312375, 144, 59, 0
 312425, 144, 60, 0
 313125, 144, 57, 100
 313500, 144, 57, 0
 313875, 144, 60, 49
 313875, 144, 67, 49
 313875, 144, 64, 49
 313875, 144, 73, 49
 314250, 144, 73, 0
 314250, 144, 60, 0
 314250, 144, 67, 0
 315375, 144, 71, 29
 315750, 144, 71, 0
 316125, 144, 65, 29
 316125, 144, 55, 34
 316125, 144, 57, 34
 316500, 144, 55, 0
 316500, 144, 65, 0
 316500, 144, 57, 0
 316875, 144, 64, 0
 317250, 144, 62, 100
 317250, 144, 66, 29
 317250, 144, 58, 34
 317250, 144, 54, 34
 317625, 144, 67, 29
 317625, 144, 54, 0
 317625, 144, 66, 0
 317625, 144, 58, 0
 318000, 144, 54, 34
 318000, 144, 67, 0
 318375, 144, 54, 0
 319500, 144, 58, 34
 319500, 144, 62, 0
 319500, 144, 59, 34
 319875, 144, 59, 0
 319875, 144, 58, 0
 321000, 144, 42, 100
 321000, 144, 50, 100
 321000, 144, 43, 100
 321375, 144, 67, 49
 321750, 144, 67, 0
 325125, 144, 61, 49
 325125, 144, 69, 49
 325500, 144, 69, 0
 325500, 144, 61, 0
 325875, 144, 60, 49
 326625, 144, 60, 0
 328450, 144, 62, 49
 328975, 144, 62, 0
 329250, 144, 60, 49
 329250, 144, 63, 49
 329250, 144, 69, 49
 329250, 144, 64, 49
 329250, 144, 68, 49
 329625, 144, 63, 49
 329625, 144, 61, 49
 329625, 144, 60, 49
 329625, 144, 68, 0
 329625, 144, 60, 0
 329625, 144, 63, 0
 329625, 144, 69, 0
 329625, 144, 64, 0
 330000, 144, 58, 34
 330000, 144, 62, 29
 330000, 144, 60, 0
 330000, 144, 63, 0
 330000, 144, 61, 0
 330375, 144, 47, 100
 330375, 144, 62, 0
 330375, 144, 58, 0
 330750, 144, 47, 0
 333000, 144, 42, 0
 333000, 144, 43, 0
 333000, 144, 50, 0
 333325, 144, 55, 100
 333325, 144, 56, 100
 333325, 144, 65, 100
 333325, 144, 64, 100
 333325, 144, 52, 100
 333750, 144, 68, 29
 333750, 144, 64, 49
 333750, 144, 58, 34
 333750, 144, 60, 49
 334125, 144, 58, 0
 334125, 144, 60, 0
 334125, 144, 68, 0
 334125, 144, 64, 0
 334325, 144, 68, 49
 334350, 144, 60, 49
 334500, 144, 59, 34
 334500, 144, 49, 34
 334700, 144, 68, 0
 335250, 144, 49, 0
 335250, 144, 59, 0
 336225, 144, 60, 0
 336375, 144, 61, 49
 336750, 144, 61, 0
 337075, 144, 64, 29
 337075, 144, 52, 34
 337075, 144, 57, 34
 337075, 144, 58, 34
 337600, 144, 57, 0
 337600, 144, 58, 0
 337600, 144, 64, 0
 337600, 144, 52, 0
 337825, 144, 64, 0
 337825, 144, 65, 0
 337825, 144, 56, 0
 337825, 144, 52, 0
 337825, 144, 55, 0
 338250, 144, 57, 34
 338250, 144, 53, 34
 338625, 144, 53, 0
 338625, 144, 57, 0
 339750, 144, 62, 29
 340125, 144, 62, 0
 342375, 144, 62, 49
 342375, 144, 66, 49
 342375, 144, 54, 34
 342375, 144, 56, 34
 342750, 144, 66, 0
 342750, 144, 56, 0
 342750, 144, 62, 0
 342750, 144, 54, 0
 342950, 144, 64, 29
 342950, 144, 59, 34
 343325, 144, 64, 0
 343875, 144, 51, 34
 343875, 144, 55, 34
 344250, 144, 55, 0
 344250, 144, 51, 0
 344825, 144, 59, 0
 345000, 144, 69, 29
 345000, 144, 58, 34
 345375, 144, 58, 0
 345375, 144, 69, 0
 347250, 144, 59, 100
 351000, 144, 67, 29
 351000, 144, 55, 34
 351000, 144, 57, 34
 351375, 144, 55, 0
 351375, 144, 67, 0
 351375, 144, 57, 0
 359250, 144, 59, 0
 360000, 255, 0, 0
 361500, 144, 62, 49
 361500, 144, 68, 49
 361500, 144, 74, 49
 361500, 144, 71, 49
 361500, 144, 72, 49
 362250, 144, 68, 0
 362250, 144, 71, 0
 362250, 144, 62, 0
 362250, 144, 72, 0
 362250, 144, 74, 0
 363000, 144, 65, 100
 363750, 144, 74, 100
 363750, 144, 66, 100
 364500, 144, 64, 100
 364500, 144, 74, 0
 364500, 144, 71, 100
 364500, 144, 72, 100
 365250, 144, 67, 100
 365250, 144, 74, 100
 365250, 144, 71, 0
 365250, 144, 64, 0
 365250, 144, 72, 0
 365500, 144, 66, 0
 366000, 144, 67, 0
 366000, 144, 74, 0
 366750, 144, 46, 100
 366750, 144, 42, 34
 366750, 144, 39, 34
 366750, 144, 51, 34
 367125, 144, 39, 0
 367125, 144, 51, 0
 367125, 144, 42, 0
 367300, 144, 53, 34
 367300, 144, 42, 34
 367300, 144, 55, 34
 367300, 144, 51, 34
 368050, 144, 51, 0
 368050, 144, 55, 0
 368050, 144, 53, 0
 368050, 144, 42, 0
 368250, 144, 65, 0
 369000, 144, 73, 49
 369000, 144, 78, 49
 369000, 144, 85, 49
 369000, 144, 83, 49
 369000, 144, 80, 49
 369750, 144, 78, 0
 369750, 144, 80, 0
 369750, 144, 73, 0
 369750, 144, 85, 0
 369750, 144, 83, 0
 371250, 144, 77, 100
 372000, 144, 39, 34
 372000, 144, 49, 34
 372000, 144, 51, 34
 372000, 144, 47, 34
 372500, 144, 72, 100
 372750, 144, 47, 0
 372750, 144, 39, 0
 372750, 144, 49, 0
 372750, 144, 51, 0
 372925, 144, 69, 100
 373250, 144, 72, 0
 376000, 144, 77, 0
 376650, 144, 74, 49
 376650, 144, 79, 49
 376650, 144, 67, 49
 377400, 144, 67, 0
 377400, 144, 74, 0
 377400, 144, 79, 0
 378750, 144, 46, 0
 379875, 144, 59, 100
 379875, 144, 56, 100
 379875, 144, 49, 100
 379875, 144, 61, 34
 379875, 144, 53, 100
 381875, 144, 74, 100
 382250, 144, 63, 100
 382425, 144, 64, 100
 382625, 144, 74, 0
 383000, 144, 63, 0
 383025, 144, 59, 0
 383025, 144, 53, 0
 383025, 144, 49, 0
 383025, 144, 61, 0
 383050, 144, 56, 0
 383250, 144, 50, 100
 384475, 144, 77, 100
 385225, 144, 77, 0
 387000, 144, 57, 34
 387000, 144, 43, 34
 387000, 144, 49, 34
 387375, 144, 66, 100
 387375, 144, 63, 100
 387750, 144, 43, 0
 387750, 144, 49, 0
 387750, 144, 57, 0
 387925, 144, 69, 0
 388125, 144, 63, 0
 388125, 144, 66, 0
 388150, 144, 64, 0
 388800, 144, 84, 100
 389550, 144, 84, 0
 390000, 144, 46, 34
 390750, 144, 46, 0
 392100, 144, 79, 49
 392325, 144, 92, 49
 392325, 144, 88, 49
 392325, 144, 80, 49
 392850, 144, 79, 0
 393075, 144, 80, 0
 393075, 144, 92, 0
 393075, 144, 88, 0
 393125, 144, 65, 100
 393125, 144, 67, 100
 393500, 144, 65, 0
 394075, 144, 68, 100
 394450, 144, 68, 0
 396400, 144, 69, 100
 396775, 144, 69, 0
 398250, 144, 83, 100
 398625, 144, 83, 0
 398650, 144, 78, 100
 398900, 144, 83, 100
 399000, 144, 44, 34
 399025, 144, 78, 0
 399150, 144, 70, 100
 399275, 144, 83, 0
 399500, 144, 67, 0
 399750, 144, 44, 0
 402775, 144, 74, 100
 402775, 144, 66, 100
 403125, 144, 47, 34
 403475, 144, 70, 0
 403525, 144, 66, 0
 403525, 144, 74, 0
 403875, 144, 47, 0
 403900, 144, 76, 100
 404250, 144, 70, 100
 404250, 144, 78, 100
 404250, 144, 80, 100
 404250, 144, 73, 100
 404650, 144, 76, 0
 405000, 144, 73, 0
 405000, 144, 64, 100
 405000, 144, 78, 0
 405000, 144, 80, 0
 405000, 144, 70, 0
 405000, 144, 50, 0
 405750, 144, 64, 0
 408000, 144, 53, 100
 408000, 144, 44, 34
 408000, 144, 51, 34
 408000, 144, 42, 34
 408375, 144, 44, 0
 408375, 144, 42, 0
 408375, 144, 51, 0
 409800, 144, 84, 48
 409800, 144, 75, 48
 410175, 144, 84, 0
 410175, 144, 75, 0
 411475, 144, 89, 100
 411475, 144, 82, 100
 411475, 144, 88, 100
 411475, 144, 93, 100
 411475, 144, 79, 100
 411625, 144, 41, 34
 411625, 144, 49, 34
 411625, 144, 45, 34
 411625, 144, 42, 34
 411850, 144, 93, 0
 411850, 144, 82, 0
 411850, 144, 79, 0
 411850, 144, 89, 0
 411850, 144, 88, 0
 411975, 144, 81, 48
 411975, 144, 77, 48
 411975, 144, 89, 48
 411975, 144, 76, 48
 412000, 144, 49, 0
 412000, 144, 45, 0
 412000, 144, 42, 0
 412000, 144, 41, 0
 412350, 144, 89, 0
 412350, 144, 77, 0
 412350, 144, 76, 0
 412350, 144, 81, 0
 412875, 144, 80, 48
 412875, 144, 74, 48
 413250, 144, 45, 34
 413250, 144, 74, 0
 413250, 144, 80, 0
 413625, 144, 45, 0
 414000, 144, 50, 100
 414000, 144, 60, 34
 414000, 144, 55, 100
 414000, 144, 51, 100
 414375, 144, 60, 0
 415650, 144, 58, 100
 415650, 144, 72, 48
 415650, 144, 66, 48
 415650, 144, 70, 48
 415900, 144, 70, 0
 416025, 144, 76, 48
 416025, 144, 70, 48
 416025, 144, 77, 48
 416025, 144, 58, 0
 416025, 144, 66, 0
 416025, 144, 80, 48
 416025, 144, 72, 0
 416400, 144, 77, 0
 416400, 144, 70, 0
 416400, 144, 76, 0
 416400, 144, 80, 0
 416625, 144, 68, 48
 416625, 144, 64, 48
 416625, 144, 66, 48
 416625, 144, 65, 48
 416625, 144, 71, 48
 417000, 144, 65, 0
 417000, 144, 66, 0
 417000, 144, 64, 0
 417000, 144, 68, 0
 417000, 144, 71, 0
 422625, 144, 80, 48
 422625, 144, 71, 48
 422625, 144, 72, 48
 422625, 144, 70, 48
 423000, 144, 54, 34
 423000, 144, 72, 0
 423000, 144, 80, 0
 423000, 144, 70, 0
 423000, 144, 71, 0
 423375, 144, 73, 48
 423375, 144, 54, 0
 423375, 144, 81, 48
 423375, 144, 82, 48
 423625, 144, 80, 100
 423750, 144, 73, 0
 423750, 144, 82, 0
 423750, 144, 81, 0
 424000, 144, 80, 0
 425625, 144, 80, 100
 425625, 144, 84, 48
 425625, 144, 93, 48
 426000, 144, 93, 0
 426000, 144, 84, 0
 426600, 144, 44, 34
 426675, 144, 76, 100
 427050, 144, 76, 0
 430025, 144, 44, 0
 431200, 144, 74, 100
 431575, 144, 74, 0
 431750, 144, 73, 100
 432125, 144, 73, 0
 432625, 144, 44, 34
 433000, 144, 44, 0
 436425, 144, 51, 0
 436425, 144, 55, 0
 436650, 144, 83, 100
 436875, 144, 70, 100
 437025, 144, 83, 0
 437250, 144, 70, 0
 438600, 144, 76, 100
 438750, 144, 41, 100
 438750, 144, 49, 100
 438750, 144, 43, 100
 438975, 144, 76, 0
 439825, 144, 81, 100
 440200, 144, 81, 0
 441200, 144, 53, 0
 441225, 144, 75, 48
 441225, 144, 72, 48
 441225, 144, 78, 48
 441225, 144, 84, 48
 441525, 144, 71, 100
 441600, 144, 78, 0
 441600, 144, 84, 0
 441600, 144, 75, 0
 441600, 144, 72, 0
 441850, 144, 60, 48
 441850, 144, 73, 48
 441850, 144, 67, 48
 442225, 144, 73, 0
 442225, 144, 60, 0
 442225, 144, 67, 0
 442525, 144, 49, 0
 442575, 144, 80, 0
 443025, 144, 66, 100
 443400, 144, 67, 100
 443400, 144, 66, 0
 443400, 144, 64, 100
 443775, 144, 82, 100
 443775, 144, 78, 100
 443775, 144, 64, 0
 443775, 144, 67, 0
 443775, 144, 68, 100
 444000, 144, 43, 0
 444050, 144, 41, 0
 444150, 144, 71, 0
 444150, 144, 68, 0
 444150, 144, 78, 0
 447025, 144, 50, 0
 447650, 144, 46, 34
 447650, 144, 52, 34
 447650, 144, 51, 34
 448025, 144, 52, 0
 448025, 144, 46, 0
 448025, 144, 51, 0
 449300, 144, 81, 100
 449675, 144, 81, 0
 450000, 144, 68, 100
 450000, 255, 0, 0
 450000, 144, 65, 34
 450000, 144, 71, 34
 450000, 144, 64, 34
 450000, 144, 57, 34
 450025, 144, 82, 0
 450375, 144, 65, 0
 450375, 144, 64, 0
 450375, 144, 71, 0
 450375, 144, 57, 0
 451500, 144, 81, 48
 451500, 144, 78, 48
 452250, 144, 78, 0
 452250, 144, 81, 0
 453000, 144, 72, 100
 453750, 144, 79, 100
 453750, 144, 72, 0
 453750, 144, 82, 100
 454475, 144, 37, 100
 454500, 144, 39, 100
 454500, 144, 68, 0
 454500, 144, 82, 0
 454500, 144, 41, 100
 454500, 144, 79, 0
 456000, 144, 75, 100
 456000, 144, 87, 100
 456000, 144, 76, 100
 458400, 144, 39, 0
 458400, 144, 41, 0
 459000, 144, 76, 0
 459000, 144, 75, 0
 459000, 144, 87, 0
 459025, 144, 33, 100
 459025, 144, 39, 100
 459550, 144, 65, 100
 459775, 144, 39, 0
 459775, 144, 33, 0
 461000, 144, 82, 34
 461000, 144, 72, 34
 461000, 144, 71, 34
 461000, 144, 81, 34
 461000, 144, 77, 34
 462550, 144, 65, 0
 464000, 144, 71, 0
 464000, 144, 81, 0
 464000, 144, 72, 0
 464000, 144, 77, 0
 464000, 144, 82, 0
 465250, 144, 38, 100
 466000, 144, 38, 0
 467375, 144, 80, 100
 471025, 144, 76, 100
 471025, 144, 85, 100
 472525, 144, 85, 0
 472525, 144, 76, 0
 473250, 144, 39, 100
 473250, 144, 36, 100
 473250, 144, 39, 34
 473250, 144, 34, 34
 473250, 144, 41, 34
 473250, 144, 45, 100
 473250, 144, 33, 34
 474000, 144, 34, 0
 474000, 144, 33, 0
 474000, 144, 39, 0
 474000, 144, 36, 0
 474000, 144, 39, 0
 474000, 144, 45, 0
 474000, 144, 41, 0
 475975, 144, 73, 100
 475975, 144, 66, 100
 477475, 144, 66, 0
 477475, 144, 73, 0
 482850, 144, 85, 100
 483550, 144, 78, 34
 483550, 144, 79, 34
 483575, 144, 75, 34
 483650, 144, 69, 34
 484300, 144, 78, 0
 484300, 144, 79, 0
 484325, 144, 75, 0
 484350, 144, 85, 0
 484400, 144, 69, 0
 486125, 144, 80, 0
 486700, 144, 65, 48
 486700, 144, 70, 48
 486700, 144, 73, 48
 489700, 144, 73, 0
 489700, 144, 70, 0
 489700, 144, 65, 0
 491325, 144, 57, 100
 491325, 144, 66, 100
 491325, 144, 63, 100
 491325, 144, 61, 100
 491325, 144, 69, 100
 494325, 144, 61, 0
 494325, 144, 69, 0
 494325, 144, 57, 0
 494325, 144, 63, 0
 494325, 144, 66, 0
 494925, 144, 47, 34
 494925, 144, 36, 34
 494925, 144, 43, 34
 494925, 144, 39, 34
 495000, 144, 71, 48
 495000, 144, 74, 48
 495000, 144, 81, 48
 495200, 144, 38, 100
 495225, 144, 37, 0
 495300, 144, 47, 0
 495300, 144, 36, 0
 495300, 144, 39, 0
 495750, 144, 71, 0
 495750, 144, 74, 0
 497725, 144, 64, 100
 497975, 144, 74, 100
 497975, 144, 78, 100
 498000, 144, 81, 0
 498475, 144, 64, 0
 501550, 144, 35, 34
 501550, 144, 29, 34
 501550, 144, 32, 34
 501550, 144, 37, 34
 501575, 144, 43, 0
 501725, 144, 78, 0
 501925, 144, 29, 0
 501925, 144, 35, 0
 501925, 144, 37, 0
 501925, 144, 32, 0
 502650, 144, 65, 34
 502650, 144, 56, 34
 502650, 144, 68, 34
 502775, 144, 70, 34
 502850, 144, 68, 0
 502850, 144, 56, 0
 502850, 144, 65, 0
 502975, 144, 70, 0
 503125, 144, 70, 34
 503125, 144, 77, 34
 503325, 144, 77, 0
 503325, 144, 70, 0
 505250, 144, 45, 34
 505250, 144, 41, 34
 505250, 144, 39, 34
 505250, 144, 38, 34
 505250, 144, 44, 34
 505625, 144, 38, 0
 505625, 144, 39, 0
 505625, 144, 45, 0
 505625, 144, 44, 0
 505625, 144, 41, 0
 506975, 144, 74, 0
 507725, 144, 63, 100
 507725, 144, 74, 29
 508025, 144, 39, 100
 508100, 144, 74, 0
 508400, 144, 39, 0
 508925, 144, 65, 29
 509300, 144, 65, 0
 511700, 144, 67, 29
 511700, 144, 64, 29
 512075, 144, 64, 0
 512075, 144, 67, 0
 513225, 144, 38, 0
 514725, 144, 63, 0
 522000, 144, 36, 100
 522000, 144, 37, 34
 522375, 144, 36, 0
 524825, 144, 80, 100
 525750, 144, 76, 100
 525750, 144, 82, 100
 525750, 144, 71, 100
 526000, 144, 79, 100
 526000, 144, 83, 100
 526125, 144, 76, 0
 526125, 144, 82, 0
 526125, 144, 71, 0
 526375, 144, 79, 0
 526375, 144, 83, 0
 527825, 144, 80, 0
 529175, 144, 71, 100
 529175, 144, 65, 100
 529175, 144, 63, 100
 529350, 144, 64, 100
 529550, 144, 71, 0
 529725, 144, 64, 0
 530025, 144, 35, 34
 530025, 144, 42, 34
 530025, 144, 40, 34
 530025, 144, 41, 34
 530400, 144, 42, 0
 530400, 144, 35, 0
 530400, 144, 40, 0
 530400, 144, 41, 0
 533675, 144, 63, 0
 534575, 144, 38, 100
 536475, 144, 38, 0
 539975, 144, 65, 0
 540000, 255, 0, 0
 540000, 144, 37, 0
 540000, 255, 0, 0
 546275, 144, 39, 100
 546275, 144, 45, 100
 546275, 144, 49, 100
 547400, 144, 45, 0
 547400, 144, 49, 0
 547400, 144, 39, 0
 551250, 144, 70, 100
 553750, 144, 70, 0
 558000, 144, 67, 100
 558000, 144, 64, 100
 558000, 144, 66, 100
 558000, 144, 60, 100
 558000, 144, 69, 100
 561250, 144, 39, 100
 561650, 144, 39, 0
 563250, 144, 58, 100
 563775, 144, 58, 0
 567675, 144, 68, 100
 567675, 144, 63, 100
 567675, 144, 73, 100
 568425, 144, 73, 0
 568425, 144, 63, 0
 568425, 144, 68, 0
 570300, 144, 58, 100
 570300, 144, 62, 100
 570300, 144, 57, 100
 570300, 144, 53, 100
 570300, 144, 56, 100
 570450, 144, 58, 0
 570450, 144, 56, 0
 570450, 144, 53, 0
 570450, 144, 62, 0
 570450, 144, 57, 0
 577500, 144, 41, 100
 588000, 144, 48, 100
 588375, 144, 48, 0
 590125, 144, 41, 0
 596250, 144, 58, 100
 596250, 144, 63, 100
 596250, 144, 68, 100
 596625, 144, 68, 0
 596625, 144, 58, 0
 596625, 144, 63, 0
 598500, 144, 56, 100
 598500, 144, 61, 100
 598500, 144, 59, 100
 598875, 144, 56, 0
 598875, 144, 59, 0
 604500, 144, 61, 0
 610500, 144, 43, 100
 612000, 144, 43, 0
 621350, 144, 59, 100
 621350, 144, 54, 100
 621350, 144, 63, 100
 621350, 144, 64, 100
 622500, 144, 52, 100
 623000, 144, 52, 0
 625850, 144, 64, 0
 625850, 144, 59, 0
 625850, 144, 54, 0
 625850, 144, 63, 0
 627700, 144, 69, 0
 627700, 144, 66, 0
 627700, 144, 67, 0
 627700, 144, 64, 0
 627700, 144, 60, 0
 630000, 255, 0, 0
 630000, 144, 53, 100
 630000, 144, 76, 100
 630000, 144, 40, 100
 630450, 144, 63, 29
 630825, 144, 63, 0
 632150, 144, 83, 29
 632525, 144, 83, 0
 634500, 144, 40, 0
 634500, 144, 53, 0
 637375, 144, 47, 100
 637375, 144, 39, 100
 638600, 144, 84, 100
 638975, 144, 84, 0
 639000, 144, 76, 0
 639250, 144, 76, 29
 639250, 144, 74, 29
 639250, 144, 62, 29
 639250, 144, 63, 29
 639475, 144, 62, 0
 639475, 144, 76, 0
 639475, 144, 74, 0
 639475, 144, 63, 0
 640500, 144, 82, 48
 640500, 144, 69, 48
 640500, 144, 81, 48
 640500, 144, 83, 48
 640500, 144, 76, 48
 642000, 144, 81, 0
 642000, 144, 82, 0
 642000, 144, 69, 0
 642000, 144, 76, 0
 642000, 144, 83, 0
 645000, 144, 49, 34
 646425, 144, 39, 0
 646450, 144, 47, 0
 651000, 144, 59, 34
 651000, 144, 54, 34
 651750, 144, 54, 0
 651750, 144, 59, 0
 654000, 144, 67, 100
 658500, 144, 45, 100
 658500, 144, 37, 34
 658875, 144, 37, 0
 658875, 144, 45, 0
 659250, 144, 64, 29
 659625, 144, 64, 0
 659750, 144, 81, 34
 660000, 144, 67, 0
 660125, 144, 81, 0
 662275, 144, 75, 100
 664675, 144, 83, 34
 665275, 144, 83, 0
 665500, 144, 61, 29
 665700, 144, 61, 0
 666475, 144, 84, 48
 666675, 144, 84, 0
 666750, 144, 46, 100
 666750, 144, 52, 100
 666750, 144, 56, 100
 667125, 144, 52, 0
 667125, 144, 46, 0
 667125, 144, 56, 0
 669000, 144, 85, 34
 669000, 144, 80, 48
 669200, 144, 85, 0
 669200, 144, 80, 0
 670200, 144, 60, 29
 670400, 144, 60, 0
 671200, 144, 83, 48
 671400, 144, 83, 0
 673125, 144, 46, 34
 673125, 144, 47, 34
 673125, 144, 52, 34
 673125, 144, 40, 34
 673500, 144, 52, 0
 673500, 144, 47, 0
 673500, 144, 40, 0
 673500, 144, 46, 0
 676875, 144, 53, 100
 676875, 144, 47, 100
 677250, 144, 53, 0
 677250, 144, 47, 0
 677275, 144, 64, 29
 678025, 144, 64, 0
 682400, 144, 71, 100
 682750, 144, 75, 0
 682775, 144, 71, 0
 683275, 144, 65, 34
 683275, 144, 66, 34
 683275, 144, 56, 34
 685375, 144, 56, 0
 685425, 144, 65, 0
 685425, 144, 66, 0
 685650, 144, 73, 48
 685650, 144, 60, 48
 685675, 144, 65, 48
 686025, 144, 60, 0
 686025, 144, 73, 0
 686050, 144, 65, 0
 686100, 144, 74, 34
 686100, 144, 63, 34
 686100, 144, 75, 34
 686475, 144, 75, 0
 686475, 144, 63, 0
 686475, 144, 74, 0
 686550, 144, 76, 34
 688125, 144, 51, 100
 688125, 144, 57, 100
 690975, 144, 77, 29
 691575, 144, 77, 0
 694975, 144, 57, 0
 695025, 144, 51, 0
 698125, 144, 73, 34
 698125, 144, 68, 34
 698125, 144, 67, 34
 698125, 144, 62, 34
 698725, 144, 67, 0
 698725, 144, 62, 0
 698725, 144, 73, 0
 698725, 144, 68, 0
 699025, 144, 76, 0
 699300, 144, 61, 100
 699300, 144, 67, 100
 699300, 144, 72, 100
 699900, 144, 72, 0
 699900, 144, 67, 0
 700350, 144, 63, 100
 700950, 144, 63, 0
 701800, 144, 61, 0
 702000, 144, 78, 34
 702475, 144, 78, 0
 703450, 144, 56, 34
 703450, 144, 69, 34
 703450, 144, 62, 29
 703450, 144, 55, 34
 703925, 144, 69, 0
 703925, 144, 62, 0
 703925, 144, 56, 0
 703925, 144, 55, 0
 704325, 144, 72, 48
 704325, 144, 73, 48
 704325, 144, 67, 48
 705000, 144, 45, 100
 705000, 144, 52, 100
 705000, 144, 53, 100
 705300, 144, 62, 29
 705750, 144, 73, 0
 705750, 144, 72, 0
 705750, 144, 67, 0
 705775, 144, 62, 0
 706500, 144, 78, 100
 706500, 144, 80, 100
 706500, 144, 85, 100
 706500, 144, 84, 100
 706975, 144, 84, 0
 706975, 144, 85, 0
 706975, 144, 80, 0
 707250, 144, 53, 0
 707275, 144, 52, 0
 707350, 144, 45, 0
 711000, 144, 74, 34
 711525, 144, 78, 0
 711600, 144, 74, 0
 711750, 144, 53, 100
 711750, 144, 48, 100
 712125, 144, 48, 0
 712750, 144, 61, 100
 712750, 144, 69, 100
 712750, 144, 62, 100
 712750, 144, 67, 100
 713225, 144, 62, 0
 713225, 144, 67, 0
 713225, 144, 69, 0
 717525, 144, 69, 34
 717525, 144, 74, 34
 717525, 144, 68, 34
 717525, 144, 66, 34
 717750, 144, 53, 0
 718000, 144, 66, 0
 718000, 144, 69, 0
 718000, 144, 74, 0
 718000, 144, 68, 0
 719950, 144, 49, 0
 720000, 255, 0, 0
 720025, 144, 61, 0
